school_name,campus_name,school_code,campus_code,district,district_code,school_type,school_nature,address,lng,lat,school_tel,student_count,class_count,teacher_count,school_scope,direct_middle_school,school_detail,communities_hj,communities_xhzr,community_count,year,visit_times
杭州八一学校,,L000000124,L000000124001,上城区,330102,初中,非民办,杭州市上城区笕桥街道浜河路55号,,,,0,0,0,,,,,,,2026,0
杭州市明远未来小学,,2133003382,2133003382001,上城区,330102,小学,非民办,上城区彭埠街道凤起东路1759号,,,,0,0,0,,,,,,,2026,0
杭州市崇文未来学校,,2133003102,2133003102001,上城区,330102,小学,非民办,杭州市上城区甘王路3号,,,,0,0,0,,,,,,,2026,0
杭州市东城外国语实验学校,,3133000878,3133000878001,上城区,330102,初中,非民办,上城区九堡街道努振巷1号,,,,0,0,0,,,,,,,2026,0
杭州市胜利实验笕成小学,,2133002588,2133002588001,上城区,330102,小学,非民办,上城区笕桥街道源聚支路5号,,,,0,0,0,,,,,,,2026,0
杭州市天长观潮小学,,2133002586,2133002586001,上城区,330102,小学,非民办,杭州市上城区渡口路107号,,,,0,0,0,,,,,,,2026,0
杭州市崇文实验学校（杭州市崇文小学）,,213300055401,213300055401001,上城区,330102,小学,非民办,上城区望江街道近江南路1号,,,,0,0,0,,,,,,,2026,0
浙江师范大学附属丁蕙实验小学,,2133000858,2133000858002,上城区,330102,小学,非民办,丁兰街道三义路59号,,,,0,0,0,,,,,,,2026,0
杭州市丁蕙第二小学（白鹤校区）,,2133001350,2133001350002,上城区,330102,小学,非民办,丁兰街道怀希路3号,,,,0,0,0,,,,,,,2026,0
杭州市凤凰小学,,2133001659,2133001659002,上城区,330102,小学,非民办,紫阳街道南瓦坊12号,,,,0,0,0,,,,,,,2026,0
杭州市蒋筑英学校,,2133000527,2133000527001,上城区,330102,小学,非民办,紫阳街道金狮苑20号,,,,0,0,0,,,,,,,2026,0
杭州市钱学森学校,,3133000844,3133000844001,上城区,330102,初中,非民办,紫阳街道甬江路235号,,,,0,0,0,,,,,,,2026,0
杭州市大学路小学,,2133000521,2133000521001,上城区,330102,小学,非民办,小营街道大学路新村54号,,,,0,0,0,,,,,,,2026,0
杭州市采荷第一小学,,2133006266,2133006266002,上城区,330102,小学,非民办,上城区采荷街道杭州市上城区采菱路42号,,,,0,0,0,,,,,,,2026,0
杭州市笕弘实验学校,,3133000829,3133000829001,上城区,330102,初中,非民办,笕桥街道全福桥路519号,,,,0,0,0,,,,,,,2026,0
杭州市东润外国语学校,,3133000825,3133000825001,上城区,330102,初中,非民办,上城区九堡街道三胜街409号,,,,0,0,0,,,,,,,2026,0
杭州市澎汇小学,,2133002235,2133002235001,上城区,330102,小学,非民办,彭埠街道红建街528号,,,,0,0,0,,,,,,,2026,0
杭州市钱江新城实验小学,,2133002233,2133002233001,上城区,330102,小学,非民办,四季青街道太平门直街599号,,,,0,0,0,,,,,,,2026,0
浙江师范大学附属杭州笕文实验学校,,3133000755,3133000755001,上城区,330102,初中,非民办,笕桥街道德学巷1号,,,,0,0,0,,,,,,,2026,0
杭州市省教科院实验学校,,3133005878,3133005878001,上城区,330102,初中,非民办,上城区闸弄口街道机场路里街39号,,,,0,0,0,,,,,,,2026,0
浙江大学华家池子弟小学,,2133006190,2133006190001,上城区,330102,小学,非民办,凯旋街道凯旋路258号,,,,0,0,0,,,,,,,2024,0
杭州天成教育集团,,3133005844,3133005844001,上城区,330102,初中,非民办,笕桥街道浜河村桥头弄100号,,,,0,0,0,,,,,,,2025,0
杭州市夏衍小学,,2133006268,2133006268001,上城区,330102,小学,非民办,彭埠街道莲花桥路2号,,,,0,0,0,,,,,,,2026,0
杭州市夏衍第二小学,,2133002048,2133002048001,上城区,330102,小学,非民办,彭埠街道元宝塘南巷1号,,,,0,0,0,,,,,,,2026,0
杭州市天杭实验学校,,3133001926,3133001926002,上城区,330102,初中,非民办,小学部：闸弄口街道三里亭董家桥路58号          初中部：闸弄口街道三里亭顾家畈路20号,,,,0,0,0,,,,,,,2026,0
杭州市四季青小学,,2133005348,2133005348001,上城区,330102,小学,非民办,四季青街道景昙路98号,,,,0,0,0,,,,,,,2026,0
杭州市钱江外国语实验学校,,2133001510,2133001510001,上城区,330102,初中,非民办,浙江省杭州市上城区四季青街道杭州市钱江外国语实验学校(若水校区),,,,0,0,0,,,,,,,2026,0
杭州市濮家小学（万家、范家校区）,,2133006025,2133006025002,上城区,330102,小学,非民办,万家花园欣和苑3幢（万家校区）、上城区麦庙街108号（范家校区）,,,,0,0,0,,,,,,,2026,0
杭州市濮家小学（濮家校区）,,2133006025,2133006025001,上城区,330102,小学,非民办,闸弄口街道濮家井19号,,,,0,0,0,,,,,,,2026,0
杭州市澎致小学,,2133001694,2133001694001,上城区,330102,小学,非民办,彭埠街道杨柳郡园三区,,,,0,0,0,,,,,,,2026,0
杭州市澎雅小学,,2133001337,2133001337001,上城区,330102,小学,非民办,彭埠街道澎雅弄9号,,,,0,0,0,,,,,,,2026,0
杭州市澎博小学,,2133005364,2133005364001,上城区,330102,小学,非民办,彭埠街道九州路355号,,,,0,0,0,,,,,,,2026,0
杭州市南肖埠小学,,2133003269,2133003269001,上城区,330102,小学,非民办,凯旋街道太平门直街185号,,,,0,0,0,,,,,,,2026,0
杭州市茅以升实验学校,,2133003522,2133003522001,上城区,330102,小学,非民办,凯旋街道景芳二区35幢,,,,0,0,0,,,,,,,2026,0
杭州市景华小学,,2133000805,2133000805001,上城区,330102,小学,非民办,凯旋街道景芳六区34幢,,,,0,0,0,,,,,,,2026,0
杭州市景和小学,,2133001502,2133001502001,上城区,330102,小学,非民办,四季青街道景芳路1号,,,,0,0,0,,,,,,,2026,0
杭州市江锦小学,,2133006569,2133006569001,上城区,330102,小学,非民办,四季青街道百安路1号,,,,0,0,0,,,,,,,2026,0
杭州市笕正小学,,2133001684,2133001684001,上城区,330102,小学,非民办,笕桥街道全冯弄28号,,,,0,0,0,,,,,,,2026,0
杭州市笕桥小学,,2133003534,2133003534001,上城区,330102,小学,非民办,笕桥街道机场路228号,,,,0,0,0,,,,,,,2026,0
杭州市笕桥花园小学,,2133001360,2133001360001,上城区,330102,小学,非民办,笕桥街道明月桥路399号,,,,0,0,0,,,,,,,2026,0
杭州市东城第二实验学校,,3133000707,3133000707001,上城区,330102,初中,非民办,九堡街道商杭街6号,,,,0,0,0,,,,,,,2026,0
杭州市丁信小学,,2133001025,2133001025001,上城区,330102,小学,非民办,杭州市上城区丁兰街道杭玻街100号,,,,0,0,0,,,,,,,2026,0
杭州市丁兰第三小学,,2133002075,2133002075001,上城区,330102,小学,非民办,上城区丁兰街道丁桥路2号-30,,,,0,0,0,,,,,,,2026,0
杭州市丁兰第二小学,,2133001354,2133001354001,上城区,330102,小学,非民办,丁兰街道环丁路68号,,,,0,0,0,,,,,,,2026,0
杭州市丁蕙第二小学（天龙校区）,,2133001350,2133001350001,上城区,330102,小学,非民办,丁兰街道天龙路55号,,,,0,0,0,,,,,,,2026,0
杭州市丁荷小学,,2133001080,2133001080002,上城区,330102,小学,非民办,丁兰街道同港路128号,,,,0,0,0,,,,,,,2026,0
杭州市采荷第二小学,,2133003266,2133003266001,上城区,330102,小学,非民办,采荷街道凯旋路58-1号,,,,0,0,0,,,,,,,2026,0
杭州市滨江第一小学,,2133003114,2133003114001,上城区,330102,小学,非民办,采荷街道观音塘小区下车路38-1,,,,0,0,0,,,,,,,2026,0
杭州师范大学附属丁兰实验学校,,2133004667,2133004667002,上城区,330102,小学,非民办,丁兰街道环丁路925号,,,,0,0,0,,,,,,,2026,0
杭州师范大学东城小学,,2133005675,2133005675001,上城区,330102,小学,非民办,九堡街道金禾街158号,,,,0,0,0,,,,,,,2026,0
杭州师范大学东城实验学校,,3133005864,3133005864002,上城区,330102,初中,非民办,小学部：九堡街道胜康路378号 初中部：九堡街道士安路111号,,,,0,0,0,,,,,,,2026,0
杭州春芽实验学校,,2133004626,2133004626001,上城区,330102,小学,非民办,凯旋街道景芳四区24号,,,,0,0,0,,,,,,,2026,0
杭州采荷第三小学,,2133006267,2133006267001,上城区,330102,小学,非民办,采荷街道经纬路1号,,,,0,0,0,,,,,,,2026,0
杭州新世纪外国语学校,,3133006035,3133006035001,上城区,330102,小学,非民办,小营街道清吟街128号,,,,0,0,0,,,,,,,2024,0
杭州市紫阳小学,,2133000563,2133000563001,上城区,330102,小学,非民办,紫阳街道中山南路太庙巷7号,,,,0,0,0,,,,,,,2026,0
杭州市时代小学,,2133000568,2133000568001,上城区,330102,小学,非民办,上城区小营街道建国中路锅子弄37号,,,,0,0,0,,,,,,,2024,0
杭州市胜利实验学校,,2133000851,2133000851001,上城区,330102,小学,非民办,紫阳街道甬江路80号,,,,0,0,0,,,,,,,2026,0
杭州市金都天长小学,,2133006531,2133006531001,上城区,330102,小学,非民办,紫阳街道候潮路6号,,,,0,0,0,,,,,,,2026,0
杭州师范大学第一附属小学,,2133000591,2133000591001,上城区,330102,小学,非民办,清波街道四宜路180号,,,,0,0,0,,,,,,,2026,0
杭州市笕新小学,,2133000101,2133000101001,上城区,330102,小学,非民办,笕桥街道机场路110号,,,,0,0,0,,,,,,,2026,0
杭州师范大学东城第二小学,,2133000097,2133000097001,上城区,330102,小学,非民办,九堡街道杭乔路38号,,,,0,0,0,,,,,,,2026,0
杭州天地实验小学,,2133000543,2133000543001,上城区,330102,小学,非民办,望江街道徐家埠路50号,,,,0,0,0,,,,,,,2026,0
杭州市饮马井巷小学,,2133000553,2133000553001,上城区,330102,小学,非民办,小营街道河坊街灰团巷11号,,,,0,0,0,,,,,,,2026,0
杭州市娃哈哈小学,,2133000544,2133000544001,上城区,330102,小学,非民办,清波街道劳动路95号,,,,0,0,0,,,,,,,2026,0
杭州市天长小学,,2133000517,2133000517002,上城区,330102,小学,非民办,湖滨街道东坡路94——乙号,,,,0,0,0,,,,,,,2026,0
杭州市胜利小学（新城校区）,,2133000524,2133000524002,上城区,330102,小学,非民办,紫阳街道吟潮路350号,,,,0,0,0,,,,,,,2026,0
杭州市胜利小学（钱塘校区）,,2133000524,2133000524001,上城区,330102,小学,非民办,望江街道富春路199号,,,,0,0,0,,,,,,,2026,0
杭州市胜利山南小学,,2133000526,2133000526001,上城区,330102,小学,非民办,南星街道复兴南苑12号,,,,0,0,0,,,,,,,2026,0
杭州市小营巷小学,,2133000534,2133000534002,上城区,330102,小学,非民办,上城区小营街道皮市巷99号,,,,0,0,0,,,,,,,2026,0
杭州市高银巷小学,,2133000504,2133000504001,上城区,330102,小学,非民办,清波街道后市街16号,,,,0,0,0,,,,,,,2026,0
杭州市实验学校,,L000000503,L000000503001,拱墅区,330105,初中,非民办,杭州市拱墅区和睦路785号,,,,0,0,0,,,,,,,2026,0
杭州市文晖实验小学,,2133003402,2133003402001,拱墅区,330105,小学,非民办,拱墅区祥符街道隐秀路430号,,,,0,0,0,,,,,,,2026,0
杭州市文润小学,,2133003403,2133003403001,拱墅区,330105,小学,非民办,杭州市拱墅区康桥街道聚贤路99号,,,,0,0,0,,,,,,,2026,0
杭州市安吉路新文实验小学,,2133003397,2133003397001,拱墅区,330105,小学,非民办,拱墅区祥符街道新文路16号,,,,0,0,0,,,,,,,2026,0
杭州市运河湾实验学校,,2133003273,2133003273001,拱墅区,330105,小学,非民办,杭州市拱墅区祥符街道筑研路99号,,,,0,0,0,,,,,,,2026,0
杭州大关小学教育集团学院路校区,,L000000502,L000000502001,拱墅区,330105,小学,非民办,余杭塘路108号,,,,0,0,0,,,,,,,2026,0
杭州市祥符小学,,2133003254,2133003254001,拱墅区,330105,小学,非民办,浙江省杭州市拱墅区祥符街道祥符路18号,,,,0,0,0,,,,,,,2026,0
杭州市和苑实验小学,,2133003415,2133003415001,拱墅区,330105,小学,非民办,竞舟北路120号,,,,0,0,0,,,,,,,2026,0
浙大城市学院附属学校,,3133000886,3133000886001,拱墅区,330105,初中,非民办,杭州市树人街18号,,,,0,0,0,,,,,,,2026,0
杭州市安吉路教育集团新天地实验学校,,3133000866,3133000866001,拱墅区,330105,初中,非民办,杭州市拱墅区新天地街499号,,,,0,0,0,,,,,,,2026,0
杭州市桃源小学,,2133002395,2133002395001,拱墅区,330105,小学,非民办,杭州市拱墅区桃源街603号,,,,0,0,0,,,,,,,2026,0
杭州观成实验学校,,3133000797,3133000797001,拱墅区,330105,初中,非民办,拱墅区东新街道颜三路58号,,,,0,0,0,,,,,,,2024,0
杭州市育才大城北学校,,3133000787,3133000787001,拱墅区,330105,初中,非民办,杭州市拱墅区顾扬路518号,,,,0,0,0,,,,,,,2026,0
杭州市观成武林小学,,2133002255,2133002255001,拱墅区,330105,小学,非民办,杭州市拱墅区新西路230号,,,,0,0,0,,,,,,,2026,0
杭州市永正实验学校,,3133000785,3133000785001,拱墅区,330105,初中,非民办,杭州市拱墅区三墩路70号,,,,0,0,0,,,,,,,2026,0
杭州市长寿桥岳帅小学,,2133002325,2133002325001,拱墅区,330105,小学,非民办,杭州市拱墅区长岳街28号,,,,0,0,0,,,,,,,2026,0
杭州市望宸未来实验小学,,2133004298,2133004298001,拱墅区,330105,小学,非民办,拱墅区半山街道43,,,,0,0,0,,,,,,,2026,0
浙江省杭州第十四中学附属学校,,3133000704,3133000704001,拱墅区,330105,初中,非民办,杭州市拱墅区龙腾街501号,,,,0,0,0,,,,,,,2026,0
华东师范大学附属杭州学校,,3133000703,3133000703001,拱墅区,330105,初中,非民办,杭州市拱墅区永固巷871号,,,,0,0,0,,,,,,,2026,0
杭州育才登云小学,,2133002058,2133002058001,拱墅区,330105,小学,非民办,杭州市拱墅区棠子桥路79号,,,,0,0,0,,,,,,,2026,0
杭州市外语实验小学,,2133004242,2133004242001,拱墅区,330105,小学,非民办,杭州市拱墅区苑中路12号,,,,0,0,0,,,,,,,2026,0
杭州市长阳小学,,2133000968,2133000968001,拱墅区,330105,小学,非民办,杭州市拱墅区广业街299号,,,,0,0,0,,,,,,,2026,0
杭州市育才京杭小学,,2133001359,2133001359001,拱墅区,330105,小学,非民办,杭州市拱墅区赵伍路288号,,,,0,0,0,,,,,,,2026,0
杭州市星澜小学,,2133000972,2133000972001,拱墅区,330105,小学,非民办,杭州市拱墅区星桥街190号,,,,0,0,0,,,,,,,2026,0
杭州市新华实验小学,,2133000987,2133000987001,拱墅区,330105,小学,非民办,杭州市拱墅区叶青兜路18-1号,,,,0,0,0,,,,,,,2026,0
杭州市文渊小学,,2133004576,2133004576002,拱墅区,330105,小学,非民办,杭州市拱墅区蒋家桥街,,,,0,0,0,,,,,,,2024,0
杭州市文澜小学,,2133000967,2133000967001,拱墅区,330105,小学,非民办,杭州市拱墅区隽逸路229号,,,,0,0,0,,,,,,,2026,0
杭州市文澜实验学校,,2133001673,2133001673001,拱墅区,330105,小学,非民办,杭州市拱墅区风景街222号,,,,0,0,0,,,,,,,2026,0
杭州市文津小学,,2133000973,2133000973001,拱墅区,330105,小学,非民办,杭州市拱墅区月亮路36号,,,,0,0,0,,,,,,,2026,0
杭州市申花小学,,2133000963,2133000963001,拱墅区,330105,小学,非民办,杭州市拱墅区申花路301号,,,,0,0,0,,,,,,,2026,0
杭州市人民小学,,2133004282,2133004282001,拱墅区,330105,小学,非民办,杭州市拱墅区新昌路100号,,,,0,0,0,,,,,,,2026,0
杭州市莫干山路小学,,2133004580,2133004580001,拱墅区,330105,小学,非民办,杭州市拱墅区莫干山路752弄,,,,0,0,0,,,,,,,2024,0
杭州市卖鱼桥小学,,2133004573,2133004573002,拱墅区,330105,小学,非民办,杭州市拱墅区湖墅新村16号,,,,0,0,0,,,,,,,2026,0
杭州市建新小学,,2133004146,2133004146001,拱墅区,330105,小学,非民办,杭州市拱墅区叶青兜路18-1号,,,,0,0,0,,,,,,,2026,0
杭州市和睦小学,,2133004300,2133004300001,拱墅区,330105,小学,非民办,杭州市拱墅区和睦新村15幢1号,,,,0,0,0,,,,,,,2026,0
杭州市小河小学,,2133004238,2133004238001,拱墅区,330105,小学,非民办,杭州市拱墅区赵伍路111号,,,,0,0,0,,,,,,,2026,0
杭州市拱宸桥小学,,2133004299,2133004299002,拱墅区,330105,小学,非民办,杭州市拱墅区永庆路88号,,,,0,0,0,,,,,,,2026,0
杭州市福山外国语小学,,2133001336,2133001336001,拱墅区,330105,小学,非民办,杭州市拱墅区夏莲路218号,,,,0,0,0,,,,,,,2026,0
杭州市德胜小学,,2133004284,2133004284001,拱墅区,330105,小学,非民办,拱墅区大关街道德苑路96号,,,,0,0,0,,,,,,,2026,0
杭州市大关中学附属小学,,2133004293,2133004293001,拱墅区,330105,小学,非民办,杭州市拱墅区和睦路79-1号,,,,0,0,0,,,,,,,2026,0
杭州市大关苑第一小学,,2133004287,2133004287001,拱墅区,330105,小学,非民办,杭州市拱墅区大关西四苑22号,,,,0,0,0,,,,,,,2026,0
杭州市大关小学,,2133004304,2133004304001,拱墅区,330105,小学,非民办,拱墅区米市巷街道莫干山路206号,,,,0,0,0,,,,,,,2024,0
杭州市北秀小学,,2133004579,2133004579001,拱墅区,330105,小学,非民办,拱墅区半山街道半山镇青城路9号,,,,0,0,0,,,,,,,2024,0
杭州市半山实验小学,,2133004168,2133004168001,拱墅区,330105,小学,非民办,杭州市拱墅区半山路2-1号,,,,0,0,0,,,,,,,2026,0
杭州市长寿桥小学,,2133002541,2133002541001,拱墅区,330105,小学,非民办,杭州市拱墅区孩儿巷234号,,,,0,0,0,,,,,,,2026,0
杭州市长青小学,,2133002716,2133002716001,拱墅区,330105,小学,非民办,杭州市拱墅区再行路211号,,,,0,0,0,,,,,,,2026,0
杭州市永天实验小学,,2133002698,2133002698001,拱墅区,330105,小学,非民办,杭州市拱墅区体育场路永康苑23号,,,,0,0,0,,,,,,,2026,0
杭州市现代实验小学,,2133002584,2133002584001,拱墅区,330105,小学,非民办,杭州市拱墅区绍兴路现代名苑4栋,,,,0,0,0,,,,,,,2026,0
杭州市文龙巷小学,,2133002641,2133002641001,拱墅区,330105,小学,非民办,杭州市拱墅区十五家园79号,,,,0,0,0,,,,,,,2026,0
杭州市天水小学,,2133002570,2133002570001,拱墅区,330105,小学,非民办,杭州市拱墅区天水巷100号,,,,0,0,0,,,,,,,2026,0
杭州市胜蓝实验小学,,2133001479,2133001479001,拱墅区,330105,小学,非民办,杭州市拱墅区东新园孚信苑11号,,,,0,0,0,,,,,,,2026,0
杭州市求知小学,,2133002707,2133002707001,拱墅区,330105,小学,非民办,杭州市拱墅区康宁街36号,,,,0,0,0,,,,,,,2026,0
杭州市青蓝小学,,2133002657,2133002657002,拱墅区,330105,小学,非民办,杭州市拱墅区东清巷66号,,,,0,0,0,,,,,,,2026,0
杭州市青蓝青华实验小学,,2133001042,2133001042001,拱墅区,330105,小学,非民办,杭州市拱墅区杭玻街529号,,,,0,0,0,,,,,,,2026,0
杭州市景成实验学校,,3133002549,3133002549001,拱墅区,330105,初中,非民办,杭州市拱墅区北景园回龙路266号,,,,0,0,0,,,,,,,2026,0
杭州市京都小学,,2133002660,2133002660002,拱墅区,330105,小学,非民办,杭州市京都苑16号,,,,0,0,0,,,,,,,2026,0
杭州市江心岛小学,,2133002592,2133002592001,拱墅区,330105,小学,非民办,杭州市拱墅区古河巷72号,,,,0,0,0,,,,,,,2026,0
杭州市东园小学,,2133002658,2133002658001,拱墅区,330105,小学,非民办,杭州市拱墅区东园巷,,,,0,0,0,,,,,,,2026,0
杭州市德天实验小学,,2133002704,2133002704001,拱墅区,330105,小学,非民办,杭州市拱墅区德胜东村50幢,,,,0,0,0,,,,,,,2026,0
杭州市刀茅巷小学,,2133002690,2133002690001,拱墅区,330105,小学,非民办,杭州市拱墅区回龙庙前50号,,,,0,0,0,,,,,,,2026,0
杭州市大成实验学校,,3133002447,3133002447001,拱墅区,330105,初中,非民办,杭州市拱墅区三里亭路155号,,,,0,0,0,,,,,,,2026,0
杭州市朝晖实验小学,,2133002577,2133002577001,拱墅区,330105,小学,非民办,杭州市拱墅区朝晖一区50幢,,,,0,0,0,,,,,,,2026,0
杭州市安吉路实验学校,,3133002443,3133002443001,拱墅区,330105,初中,非民办,杭州市安吉路19号,,,,0,0,0,,,,,,,2026,0
杭州长江实验小学,,2133002563,2133002563002,拱墅区,330105,小学,非民办,杭州市万寿亭街9号,,,,0,0,0,,,,,,,2024,0
杭州市保俶塔实验学校（之江未来学校）,,3433000533,3433000533002,西湖区,330106,初中,非民办,杭州市西湖区枫桦西路与彩虹快速路交叉口东北侧,,,,0,0,0,,,,,,,2026,0
西湖大学附属学校,,L000000310,L000000310001,西湖区,330106,初中,非民办,西湖大学云谷校区西侧，荆长路与云西街交叉口附近,,,,0,0,0,,,,,,,2026,0
杭州市行知小学（行知三小）,,2133003651,2133003651003,西湖区,330106,小学,非民办,杭州市西湖区夏铜街和韩塘路交叉路口,,,,0,0,0,,,,,,,2026,0
杭州市育才实验学校（育新小学（和洪路））,,2133006550,2133006550003,西湖区,330106,小学,非民办,西湖区三墩镇振华路与和洪路交叉口,,,,0,0,0,,,,,,,2026,0
杭州市保俶塔申花实验学校（小和山校区）,,3133000728,3133000728002,西湖区,330106,初中,非民办,杭州市西湖区留和路与和水路交叉口西南340米,,,,0,0,0,,,,,,,2026,0
杭州市学军小学（铜鉴湖小学）,,2133003523,2133003523005,西湖区,330106,小学,非民办,杭州市西湖区双浦镇铜鉴湖路 （铜鉴湖社区服务中心对面）,,,,0,0,0,,,,,,,2026,0
杭州市育才实验学校（古墩路）,,2133006550,2133006550002,西湖区,330106,小学,非民办,杭州市西湖区古墩路88号,,,,0,0,0,,,,,,,2026,0
杭州市文一街小学（云庐校区）,,2133003516,2133003516006,西湖区,330106,小学,非民办,留下街道西溪路和溪龙路交叉路口,,,,0,0,0,,,,,,,2026,0
杭州市文三教育集团（总校）（文宣小学）,,2133003520,2133003520004,西湖区,330106,小学,非民办,霞鸣街与知音路交叉口,,,,0,0,0,,,,,,,2026,0
杭州市学军小学（云栖校区）,,2133003523,2133003523004,西湖区,330106,小学,非民办,杭州市西湖区枫桦支路水韵金沙公寓西北侧,,,,0,0,0,,,,,,,2026,0
杭州市文理小学（杭州市文理第二小学）,,2133001969,2133001969002,西湖区,330106,小学,非民办,杭州市西湖区三墩镇金庄路155号,,,,0,0,0,,,,,,,2026,0
杭州市文新小学（府苑校区）,,2133001287,2133001287002,西湖区,330106,小学,非民办,杭州市西湖区紫荆花路1号府苑新村,,,,0,0,0,,,,,,,2026,0
杭州市政苑小学,,2133002352,2133002352001,西湖区,330106,小学,非民办,杭州市西湖区竞舟北路68号,,,,0,0,0,,,,,,,2026,0
浙江省教育厅教研室附属小学（翠苑三小）,,2133003550,2133003550002,西湖区,330106,小学,非民办,杭州市西湖区高技街5号,,,,0,0,0,,,,,,,2024,0
浙江省教育厅教研室附属小学（本部）,,2133003550,2133003550001,西湖区,330106,小学,非民办,杭州市西湖区高技街6号,,,,0,0,0,,,,,,,2026,0
浙江工业大学附属实验学校,,3133005123,3133005123001,西湖区,330106,初中,非民办,浙江省杭州市留下街道杨梅山路,,,,0,0,0,,,,,,,2025,0
杭州市转塘小学（浮山校区）,,2133003712,2133003712002,西湖区,330106,小学,非民办,杭州市西湖区转塘街道河山街6号,,,,0,0,0,,,,,,,2026,0
杭州市转塘小学（象山校区）,,2133003712,2133003712001,西湖区,330106,小学,非民办,杭州市西湖区转塘镇象山361号,,,,0,0,0,,,,,,,2026,0
杭州市周浦小学,,2133003494,2133003494001,西湖区,330106,小学,非民办,杭州市西湖区双浦镇周家埭忖408号,,,,0,0,0,,,,,,,2026,0
杭州市袁浦小学,,2133003498,2133003498001,西湖区,330106,小学,非民办,杭州市西湖区双浦镇兰溪口村1号,,,,0,0,0,,,,,,,2026,0
杭州市育才实验学校（民转公）,,2133006550,2133006550001,西湖区,330106,小学,非民办,西湖区文新街道,,,,0,0,0,,,,,,,2024,0
杭州市育才教育集团（总校）,,2133003713,2133003713002,西湖区,330106,小学,非民办,杭州市西湖区凌波路8号,,,,0,0,0,,,,,,,2026,0
杭州市学军小学（之江校区）,,2133003523,2133003523003,西湖区,330106,小学,非民办,杭州市西湖区梦园街188号,,,,0,0,0,,,,,,,2026,0
杭州市学军小学（紫金港校区）,,2133003523,2133003523002,西湖区,330106,小学,非民办,杭州市西湖区萍水西街198号,,,,0,0,0,,,,,,,2026,0
杭州市学军小学（求智校区）,,2133003523,2133003523001,西湖区,330106,小学,非民办,杭州市西湖区文二路求智巷6号,,,,0,0,0,,,,,,,2026,0
杭州市西溪实验学校,,3133005133,3133005133001,西湖区,330106,初中,非民办,杭州市西湖区文一西路578号,,,,0,0,0,,,,,,,2026,0
杭州市西湖小学教育集团（总校）（杭州市紫萱小学）,,2133003703,2133003703003,西湖区,330106,小学,非民办,杭州市西湖区三墩镇紫宣路333号,,,,0,0,0,,,,,,,2026,0
杭州市西湖小学教育集团（总校）（西湖小学）,,2133003703,2133003703001,西湖区,330106,小学,非民办,杭州市西湖区曙光路143号,,,,0,0,0,,,,,,,2026,0
杭州市西湖第一实验学校,,3133005132,3133005132001,西湖区,330106,初中,非民办,杭州市西湖区转塘街道葛衙庄社区,,,,0,0,0,,,,,,,2026,0
杭州市文一街小学（秀水校区）,,2133003516,2133003516002,西湖区,330106,小学,非民办,杭州市西湖区三墩镇秀里街306号,,,,0,0,0,,,,,,,2026,0
杭州市文一街小学（文一校区）,,2133003516,2133003516001,西湖区,330106,小学,非民办,杭州市西湖区保俶北路88号,,,,0,0,0,,,,,,,2026,0
杭州市文新小学（文新校区）,,2133001287,2133001287001,西湖区,330106,小学,非民办,杭州市西湖区文三西路491号,,,,0,0,0,,,,,,,2026,0
杭州市文三教育集团（总校）（定山小学）,,2133003520,2133003520003,西湖区,330106,小学,非民办,杭州市西湖区灵凤街178号,,,,0,0,0,,,,,,,2026,0
杭州市文三教育集团（总校）（文苑小学）,,2133003520,2133003520002,西湖区,330106,小学,非民办,杭州市西湖区竞舟路111号,,,,0,0,0,,,,,,,2026,0
杭州市文三教育集团（总校）（文三街小学）,,2133003520,2133003520001,西湖区,330106,小学,非民办,杭州市西湖区上宁巷3号,,,,0,0,0,,,,,,,2026,0
杭州市文理小学（文理小学）,,2133001969,2133001969001,西湖区,330106,小学,非民办,杭州市西湖区三墩镇嘉仁路499号,,,,0,0,0,,,,,,,2026,0
杭州市省府路小学,,2133003557,2133003557001,西湖区,330106,小学,非民办,杭州市西湖区莲花街108号,,,,0,0,0,,,,,,,2026,0
杭州市三墩小学（双桥校区）,,2133003276,2133003276002,西湖区,330106,小学,非民办,杭州西湖区三墩镇双桥社区肖家坝68号,,,,0,0,0,,,,,,,2026,0
杭州市三墩小学（兰里校区）,,2133003276,2133003276001,西湖区,330106,小学,非民办,杭州市西湖区三墩镇振华路28号,,,,0,0,0,,,,,,,2026,0
杭州市求是教育集团（总校）（求是（和家园）小学）,,2133003688,2133003688004,西湖区,330106,小学,非民办,杭州市西湖区留下街道杨梅山路261号,,,,0,0,0,,,,,,,2026,0
杭州市求是教育集团（总校）（求是（之江）二小）,,2133003688,2133003688003,西湖区,330106,小学,非民办,杭州市西湖区文景路330号,,,,0,0,0,,,,,,,2026,0
杭州市求是教育集团（总校）（浙大二附小）,,2133003688,2133003688002,西湖区,330106,小学,非民办,杭州市西湖区五常港路409号,,,,0,0,0,,,,,,,2026,0
杭州市求是教育集团（总校）（浙大附小）,,2133003688,2133003688001,西湖区,330106,小学,非民办,杭州市西湖区浙大路18号,,,,0,0,0,,,,,,,2026,0
杭州市钱塘外语学校,,3133005135,3133005135001,西湖区,330106,小学,非民办,西湖区翠苑街道学院路146号,,,,0,0,0,,,,,,,2024,0
杭州市留下小学,,2133003704,2133003704001,西湖区,330106,小学,非民办,杭州市西湖区留下大街2号,,,,0,0,0,,,,,,,2026,0
杭州市九莲小学,,2133003527,2133003527001,西湖区,330106,小学,非民办,杭州市西湖区九莲新村55号,,,,0,0,0,,,,,,,2026,0
杭州市嘉绿苑小学（景汇校区）,,2133001084,2133001084002,西湖区,330106,小学,非民办,杭州市西湖区三墩镇汇周街100号,,,,0,0,0,,,,,,,2026,0
杭州市嘉绿苑小学（嘉益校区）,,2133001084,2133001084001,西湖区,330106,小学,非民办,杭州市西湖区嘉绿苑西1一1号,,,,0,0,0,,,,,,,2026,0
杭州市行知小学（行知二小）,,2133003651,2133003651002,西湖区,330106,小学,非民办,杭州市西湖区双龙街378号,,,,0,0,0,,,,,,,2026,0
杭州市行知小学（学院路校区）,,2133003651,2133003651001,西湖区,330106,小学,非民办,杭州市西湖区文二路花园西村内,,,,0,0,0,,,,,,,2026,0
杭州市古荡第一小学,,2133003497,2133003497001,西湖区,330106,小学,非民办,杭州市西湖区益乐路6-1,,,,0,0,0,,,,,,,2026,0
杭州市大禹路小学（甲来路校区）,,2133006551,2133006551002,西湖区,330106,小学,非民办,杭州市西湖区三墩镇甲来路86号,,,,0,0,0,,,,,,,2026,0
杭州市大禹路小学（大禹路校区）,,2133006551,2133006551001,西湖区,330106,小学,非民办,杭州市西湖区三墩镇金兰巷2号,,,,0,0,0,,,,,,,2026,0
杭州市翠苑第一小学（文华校区）,,2133003532,2133003532002,西湖区,330106,小学,非民办,杭州市西湖区竞舟路299号,,,,0,0,0,,,,,,,2026,0
杭州市翠苑第一小学（翠苑校区）,,2133003532,2133003532001,西湖区,330106,小学,非民办,杭州市西湖区文一路375号,,,,0,0,0,,,,,,,2026,0
杭州市翠苑第二小学,,2133003512,2133003512001,西湖区,330106,小学,非民办,杭州市西湖区翠苑三区165号,,,,0,0,0,,,,,,,2026,0
杭州市保俶塔实验学校（本部）,,3433000533,3433000533001,西湖区,330106,初中,非民办,杭州市西湖区天目山路81号,,,,0,0,0,,,,,,,2026,0
杭州市保俶塔申花实验学校（保俶塔申花实验学校）,,3133000728,3133000728001,西湖区,330106,初中,非民办,杭州市西湖区竞舟北路189号,,,,0,0,0,,,,,,,2026,0
杭州市星洲小学（星洲二小）,,2133000328,2133000328002,西湖区,330106,小学,非民办,杭州市西湖区莲紫路8号,,,,0,0,0,,,,,,,2026,0
杭州市星洲小学（星洲校区）,,2133000328,2133000328001,西湖区,330106,小学,非民办,杭州市西湖区紫荆花路288号,,,,0,0,0,,,,,,,2026,0
杭州市竞舟小学（竞舟二小）,,2133000225,2133000225002,西湖区,330106,小学,非民办,杭州市西湖区蒋村街道溪云支巷1号,,,,0,0,0,,,,,,,2026,0
杭州市竞舟小学（竞舟校区）,,2133000225,2133000225001,西湖区,330106,小学,非民办,杭州市西湖区竞舟路221号,,,,0,0,0,,,,,,,2026,0
杭州市江南科学城小学,,L000000211,L000000211001,滨江区,330108,小学,非民办,浙江省杭州市滨江区浦沿街道沙虞路128号,,,,0,0,0,,,,,,,2026,0
杭州市新浦河小学,,L000000210,L000000210001,滨江区,330108,小学,非民办,,,,,0,0,0,,,,,,,2026,0
杭州市江畔小学,,L000000212,L000000212001,滨江区,330108,小学,非民办,,,,,0,0,0,,,,,,,2026,0
杭州二中附属第一学校,,3133001016,3133001016001,滨江区,330108,初中,非民办,浙江省杭州高新（滨江）区浦沿街道南环路4325号,,,,0,0,0,,,,,,,2026,0
杭州市科创小学,,2133003394,2133003394001,滨江区,330108,小学,非民办,杭州市滨江区聚园路226号,,,,0,0,0,,,,,,,2026,0
杭州市高教园小学,,2133001334,2133001334001,滨江区,330108,小学,非民办,滨江区浦沿街道生地街188号，明乐府北面,,,,0,0,0,,,,,,,2026,0
杭州市北塘河小学,,2133003271,2133003271001,滨江区,330108,小学,非民办,固陵路198号,,,,0,0,0,,,,,,,2026,0
杭州市硅谷小学,,2133002878,2133002878001,滨江区,330108,小学,非民办,杭州市滨江区浦沿街道常学街230号,,,,0,0,0,,,,,,,2026,0
杭州市江晖小学,,2133002900,2133002900001,滨江区,330108,小学,非民办,杭州市滨江区八图园巷5号,,,,0,0,0,,,,,,,2026,0
浙江省杭州湖畔学校,,3133000827,3133000827001,滨江区,330108,初中,非民办,滨江区长河街道冠山社区,,,,0,0,0,,,,,,,2026,0
杭州江南实验学校,,3133000257,3133000257002,滨江区,330108,初中,非民办,浙江省杭州市滨江区启智街516号（月明校区）  杭州滨江区滨和路958号（本部校区）,,,,0,0,0,,,,,,,2026,0
杭州市奥体实验小学,,2133002332,2133002332001,滨江区,330108,小学,非民办,浙江省杭州市滨江区扬帆路330号,,,,0,0,0,,,,,,,2026,0
杭州市钱江湾小学,,2133002349,2133002349001,滨江区,330108,小学,非民办,杭州市滨江区西浦路1453号,,,,0,0,0,,,,,,,2026,0
浙江省杭州滨兴学校,,3133000185,3133000185001,滨江区,330108,初中,非民办,杭州市滨江区滨和路1799号,,,,0,0,0,,,,,,,2026,0
杭州市长河小学,,2133001083,2133001083001,滨江区,330108,小学,非民办,浙江省杭州市滨江区长河街道双庙路23号,,,,0,0,0,,,,,,,2026,0
杭州市西兴实验小学,,2133000645,2133000645001,滨江区,330108,小学,非民办,杭州市滨江区西兴街道官河路9号,,,,0,0,0,,,,,,,2026,0
杭州市闻涛小学,,2133002204,2133002204001,滨江区,330108,小学,非民办,浙江省杭州市滨江区新月路570号,,,,0,0,0,,,,,,,2026,0
杭州市钱塘实验小学,,2133001524,2133001524001,滨江区,330108,小学,非民办,杭州市滨江区东信大道1328号,,,,0,0,0,,,,,,,2026,0
杭州市浦沿小学,,2133002575,2133002575001,滨江区,330108,小学,非民办,滨江区浦沿街道东冠路758号,,,,0,0,0,,,,,,,2026,0
杭州市丹枫实验小学,,2133001269,2133001269001,滨江区,330108,小学,非民办,杭州市滨江区丹枫路520号,,,,0,0,0,,,,,,,2026,0
杭州市春晖小学,,2133001937,2133001937001,滨江区,330108,小学,非民办,滨江区东流路55号,,,,0,0,0,,,,,,,2026,0
杭州市创意城小学,,2133002103,2133002103001,滨江区,330108,小学,非民办,滨江区长河街道腾龙路601号,,,,0,0,0,,,,,,,2026,0
杭州市博文小学,,2133000721,2133000721001,滨江区,330108,小学,非民办,杭州市滨江区立业路298号,,,,0,0,0,,,,,,,2026,0
杭州市滨文小学,,2133001288,2133001288001,滨江区,330108,小学,非民办,杭州市滨江区滨文路670号,,,,0,0,0,,,,,,,2026,0
杭州市滨江实验小学,,2133001896,2133001896001,滨江区,330108,小学,非民办,滨江区平乐街80号,,,,0,0,0,,,,,,,2026,0
杭州市滨和小学,,2133001518,2133001518001,滨江区,330108,小学,非民办,杭州市滨江区新联路18号,,,,0,0,0,,,,,,,2026,0
杭州二中白马湖学校,,3133000614,3133000614001,滨江区,330108,初中,非民办,滨江区长河街道天马路500号,,,,0,0,0,,,,,,,2024,0
杭州市东冠小学,,2133000024,2133000024001,滨江区,330108,小学,非民办,滨江区浦沿街道东冠社区431号,,,,0,0,0,,,,,,,2026,0
萧山区临浦未来学校,,L000124102,L000124102001,钱塘区,330109,初中,非民办,萧山区临浦镇浦阳江南岸临一村,,,,0,0,0,,,,,,,2026,0
萧山区开欣小学,,L000130213,L000130213001,钱塘区,330109,小学,非民办,萧山区宁围街道华瑞晴庐小区南侧,,,,0,0,0,,,,,,,2026,0
萧山区新街第五小学,, L000000712, L000000712001,钱塘区,330109,小学,非民办,新街街道新盛村昌园路（新农都南面）,,,,0,0,0,,,,,,,2026,0
萧山区钱江学校,,3133000993,3133000993001,钱塘区,330109,初中,非民办,萧山区宁围街道江南科技城钱江社区,,,,0,0,0,,,,,,,2026,0
萧山区尚德实验学校,,3133000996,3133000996001,钱塘区,330109,初中,非民办,萧山区宁围街道江南科技城奔竞大道以北，才智路以西，平澜路以南,,,,0,0,0,,,,,,,2026,0
萧山区亚运村实验小学,,2133003385,2133003385001,钱塘区,330109,小学,非民办,盈丰街道亚运村内,,,,0,0,0,,,,,,,2026,0
萧山区文渊实验小学,,2133003387,2133003387001,钱塘区,330109,小学,非民办,萧山区利丰路以东，博奥路以西，飞虹路以南，扬帆路以北区域,,,,0,0,0,,,,,,,2026,0
萧山区湘滨小学,,2133005570,2133005570001,钱塘区,330109,小学,非民办,杭州市萧山区闻堰街道湘滨路 500 号,,,,0,0,0,,,,,,,2026,0
萧山区三江小学,,2133003103,2133003103001,钱塘区,330109,小学,非民办,义桥镇锦浦江岸小区西北侧,,,,0,0,0,,,,,,,2026,0
萧山区崇文世纪城实验学校,,2133001693,2133001693002,钱塘区,330109,小学,非民办,萧山区盈丰街道盈丰路78号,,,,0,0,0,,,,,,,2026,0
萧山区江南小学,,2133002672,2133002672001,钱塘区,330109,小学,非民办,杭州市萧山区盈丰街道扬帆路2051号,,,,0,0,0,,,,,,,2026,0
萧山区通惠小学,,2133002630,2133002630001,钱塘区,330109,小学,非民办,杭州市萧山区新塘街道向旭路1991号,,,,0,0,0,,,,,,,2026,0
萧山区金惠小学,,2133002712,2133002712001,钱塘区,330109,小学,非民办,萧山区北干街道金惠路1789号,,,,0,0,0,,,,,,,2026,0
萧山区高桥小学（南江校区）,,2133005399,2133005399002,钱塘区,330109,小学,非民办,浙江省杭州市萧山区南江商业中心西侧,,,,0,0,0,,,,,,,2026,0
萧山区竞潮小学,,2133002400,2133002400001,钱塘区,330109,小学,非民办,浙江省杭州市萧山区畅想路472号,,,,0,0,0,,,,,,,2026,0
萧山区南城小学,,2133002396,2133002396001,钱塘区,330109,小学,非民办,萧山区蜀山街道佳印府16、17、18、19幢,,,,0,0,0,,,,,,,2026,0
萧山区博奥小学,,2133002388,2133002388001,钱塘区,330109,小学,非民办,浙江省杭州市萧山区北干街道兴五路180号,,,,0,0,0,,,,,,,2026,0
萧山区市心小学,,2133002238,2133002238001,钱塘区,330109,小学,非民办,萧山区建设二路1268号,,,,0,0,0,,,,,,,2026,0
萧山区文博小学,,2133002237,2133002237001,钱塘区,330109,小学,非民办,杭州市萧山区北干街道博学路860号,,,,0,0,0,,,,,,,2026,0
浙江省湘湖师范学校附属小学,,2133005403,2133005403001,钱塘区,330109,小学,非民办,萧山区城厢街道拱秀路192号,,,,0,0,0,,,,,,,2026,0
萧山信息港小学,,2133000771,2133000771001,钱塘区,330109,小学,非民办,北干街道建设二路515号,,,,0,0,0,,,,,,,2026,0
萧山区赭山小学,,2133005504,2133005504001,钱塘区,330109,小学,非民办,杭州市萧山区南阳街道永利村157号,,,,0,0,0,,,,,,,2026,0
萧山区长山小学,,2133005461,2133005461001,钱塘区,330109,小学,非民办,萧山区新街街道长山工人路1号,,,,0,0,0,,,,,,,2026,0
萧山区育才小学,,2133005395,2133005395001,钱塘区,330109,小学,非民办,萧山区城厢街道北干山南路178-27号,,,,0,0,0,,,,,,,2026,0
萧山区盈丰小学,,2133005465,2133005465001,钱塘区,330109,小学,非民办,浙江省杭州市萧山区盈丰街道通文路36号,,,,0,0,0,,,,,,,2026,0
萧山区银河实验小学,,2133005409,2133005409001,钱塘区,330109,小学,非民办,杭州市萧山区育才北路950号,,,,0,0,0,,,,,,,2026,0
萧山区益农镇中心小学,,2133005505,2133005505001,钱塘区,330109,小学,非民办,萧山区益农镇附小街100号,,,,0,0,0,,,,,,,2026,0
杭州市萧山区益农镇第二小学,,2133005507,2133005507001,钱塘区,330109,小学,非民办,萧山区益农镇三围村2组63号,,,,0,0,0,,,,,,,2026,0
萧山区义桥镇第二小学,,2133005437,2133005437001,钱塘区,330109,小学,非民办,萧山区义桥镇罗幕村前黄片1号,,,,0,0,0,,,,,,,2026,0
萧山区衙前镇第二小学,,2133005479,2133005479001,钱塘区,330109,小学,非民办,萧山区衙前镇新林周村,,,,0,0,0,,,,,,,2026,0
萧山区衙前农村小学校,,2133005476,2133005476001,钱塘区,330109,小学,非民办,浙江省萧山区衙前镇项漾村,,,,0,0,0,,,,,,,2026,0
萧山区新塘小学,,2133005418,2133005418001,钱塘区,330109,小学,非民办,萧山区新塘街道塘里陈社区南秀路2618号,,,,0,0,0,,,,,,,2026,0
萧山区新街小学,,2133005460,2133005460001,钱塘区,330109,小学,非民办,萧山区新街街道槭枫路117号,,,,0,0,0,,,,,,,2026,0
萧山区新街第四小学,,2133001081,2133001081001,钱塘区,330109,小学,非民办,萧山区新街街道建设四路4551号,,,,0,0,0,,,,,,,2026,0
萧山区新街第三小学,,2133005881,2133005881001,钱塘区,330109,小学,非民办,杭州市萧山区新街镇双圩村,,,,0,0,0,,,,,,,2026,0
萧山区湘师实验小学,,2133000614,2133000614001,钱塘区,330109,小学,非民办,萧山区城厢街道西河路382号,,,,0,0,0,,,,,,,2026,0
萧山区湘湖小学,,2133005401,2133005401001,钱塘区,330109,小学,非民办,萧山区乐园路（皮肤病医院西侧）,,,,0,0,0,,,,,,,2026,0
萧山区闻堰小学,,2133005473,2133005473001,钱塘区,330109,小学,非民办,杭州市萧山区闻堰街道闻兴路329号,,,,0,0,0,,,,,,,2026,0
萧山区万向小学,,2133005467,2133005467001,钱塘区,330109,小学,非民办,杭州市萧山区宁围镇宁牧村,,,,0,0,0,,,,,,,2026,0
萧山区所前镇第一小学,,2133005438,2133005438001,钱塘区,330109,小学,非民办,所前镇金山村,,,,0,0,0,,,,,,,2026,0
萧山区所前镇第二小学,,2133005440,2133005440001,钱塘区,330109,小学,非民办,萧山区所前镇金临湖村,,,,0,0,0,,,,,,,2026,0
萧山区世纪实验小学,,2133001811,2133001811001,钱塘区,330109,小学,非民办,萧山区利丰路,,,,0,0,0,,,,,,,2026,0
萧山区凤标小学,,2133005420,2133005420001,钱塘区,330109,小学,非民办,萧山区新塘街道朱家坛村93号,,,,0,0,0,,,,,,,2026,0
萧山区任伯年小学,,2133005483,2133005483001,钱塘区,330109,小学,非民办,瓜沥镇航坞路503号,,,,0,0,0,,,,,,,2026,0
萧山区浦阳镇中心小学,,2133005441,2133005441001,钱塘区,330109,小学,非民办,杭州市萧山区浦阳镇兴浦路328号,,,,0,0,0,,,,,,,2026,0
萧山区浦阳镇径游中心小学,,2133005444,2133005444001,钱塘区,330109,小学,非民办,萧山区浦阳镇径游村459号,,,,0,0,0,,,,,,,2024,0
萧山区宁围小学,,2133005462,2133005462001,钱塘区,330109,小学,非民办,萧山区宁围镇宁东村,,,,0,0,0,,,,,,,2026,0
萧山区南阳小学,,2133005502,2133005502001,钱塘区,330109,小学,非民办,萧山区南阳街道龙虎村,,,,0,0,0,,,,,,,2026,0
萧山区南翔小学,,2133005506,2133005506001,钱塘区,330109,小学,非民办,萧山区南阳街道向阳路16号,,,,0,0,0,,,,,,,2026,0
萧山区南都小学,,2133002015,2133002015001,钱塘区,330109,小学,非民办,高桥路南端,,,,0,0,0,,,,,,,2026,0
萧山区楼塔镇中心小学,,2133005422,2133005422001,钱塘区,330109,小学,非民办,浙江省杭州市萧山区楼塔镇洲口路10号,,,,0,0,0,,,,,,,2026,0
萧山区楼塔镇岩山中心小学,,2133005425,2133005425001,钱塘区,330109,小学,非民办,浙江省杭州市萧山区楼塔镇岩山村,,,,0,0,0,,,,,,,2026,0
萧山区楼塔镇大同中心小学,,2133005423,2133005423001,钱塘区,330109,小学,非民办,萧山区楼塔镇大同二村伊家店,,,,0,0,0,,,,,,,2026,0
萧山区临浦镇东藩小学,,2133005459,2133005459001,钱塘区,330109,小学,非民办,萧山区临浦镇苎萝路2号,,,,0,0,0,,,,,,,2026,0
萧山区临浦镇第一小学,,2133005456,2133005456001,钱塘区,330109,小学,非民办,萧山区临浦镇万安路28号,,,,0,0,0,,,,,,,2026,0
萧山区临浦镇第三小学,,2133005458,2133005458001,钱塘区,330109,小学,非民办,萧山区临浦镇通二村,,,,0,0,0,,,,,,,2026,0
萧山区靖江第一小学,,2133005492,2133005492001,钱塘区,330109,小学,非民办,浙江省杭州市萧山区靖江街道官界路416号,,,,0,0,0,,,,,,,2026,0
萧山区靖江第三小学,,2133005499,2133005499001,钱塘区,330109,小学,非民办,靖江街道和顺村,,,,0,0,0,,,,,,,2026,0
萧山区靖江第二小学,,2133005498,2133005498001,钱塘区,330109,小学,非民办,萧山区靖江街道光明村8组27号,,,,0,0,0,,,,,,,2026,0
萧山区劲松小学,,2133005391,2133005391001,钱塘区,330109,小学,非民办,萧山区人民路206号,,,,0,0,0,,,,,,,2026,0
萧山区城山小学,,2133005454,2133005454001,钱塘区,330109,小学,非民办,萧山区进化镇下畈底村3号,,,,0,0,0,,,,,,,2026,0
萧山区金山小学,,2133005410,2133005410001,钱塘区,330109,小学,非民办,浙江省杭州市萧山区北干街道工人路588号,,,,0,0,0,,,,,,,2026,0
萧山区江寺小学,,2133005394,2133005394001,钱塘区,330109,小学,非民办,萧山区城厢街道金家桥路11号,,,,0,0,0,,,,,,,2026,0
萧山区夹灶小学,,2133001558,2133001558001,钱塘区,330109,小学,非民办,萧山区益农镇星联村,,,,0,0,0,,,,,,,2026,0
萧山区汇宇小学,,2133005417,2133005417001,钱塘区,330109,小学,非民办,萧山区育才路1068号,,,,0,0,0,,,,,,,2026,0
萧山区回澜小学,,2133005397,2133005397001,钱塘区,330109,小学,非民办,萧山区回澜路９５号,,,,0,0,0,,,,,,,2026,0
萧山区欢潭小学,,2133005455,2133005455001,钱塘区,330109,小学,非民办,萧山区进化镇欢潭村,,,,0,0,0,,,,,,,2026,0
萧山区湖滨小学,,2133005408,2133005408001,钱塘区,330109,小学,非民办,萧山区北干街道博学路39号,,,,0,0,0,,,,,,,2026,0
萧山区红山农场学校,,3133000019,3133000019001,钱塘区,330109,初中,非民办,萧山区红山农场文萃路88号,,,,0,0,0,,,,,,,2026,0
萧山区红垦学校,,3133000708,3133000708001,钱塘区,330109,初中,非民办,开发区兆丰路,,,,0,0,0,,,,,,,2026,0
萧山区河上镇中心小学,,2133005430,2133005430001,钱塘区,330109,小学,非民办,河上镇文化路８０号,,,,0,0,0,,,,,,,2026,0
萧山区河上镇大桥中心小学,,2133005431,2133005431001,钱塘区,330109,小学,非民办,浙江省杭州市萧山区河上镇大桥村青年路,,,,0,0,0,,,,,,,2026,0
萧山区瓜沥镇长沙小学,,2133005494,2133005494001,钱塘区,330109,小学,非民办,杭州市萧山区瓜沥镇解放村,,,,0,0,0,,,,,,,2026,0
萧山区瓜沥镇明德学校,,2133005489,2133005489001,钱塘区,330109,小学,非民办,瓜沥镇长巷村渔巷路2号,,,,0,0,0,,,,,,,2026,0
萧山区瓜沥镇联兴小学,,2133005500,2133005500001,钱塘区,330109,小学,非民办,萧山区瓜沥镇民丰河村,,,,0,0,0,,,,,,,2026,0
萧山区瓜沥镇坎山小学,,2133005496,2133005496001,钱塘区,330109,小学,非民办,瓜沥镇群谊村008号,,,,0,0,0,,,,,,,2026,0
萧山区瓜沥镇光明小学,,2133005497,2133005497001,钱塘区,330109,小学,非民办,萧山区瓜沥镇建设四路7272号,,,,0,0,0,,,,,,,2026,0
萧山区瓜沥镇第三小学,,2133005486,2133005486001,钱塘区,330109,小学,非民办,瓜沥镇永福村15组1-1号,,,,0,0,0,,,,,,,2026,0
萧山区瓜沥镇党山小学,,2133005493,2133005493001,钱塘区,330109,小学,非民办,萧山区瓜沥镇育秀路98号,,,,0,0,0,,,,,,,2026,0
萧山区瓜沥镇大园小学,,2133005490,2133005490001,钱塘区,330109,小学,非民办,浙江省杭州市萧山区瓜沥镇渭水桥村8组1-1号,,,,0,0,0,,,,,,,2026,0
萧山区葛云飞小学,,2133005445,2133005445001,钱塘区,330109,小学,非民办,萧山区进化镇云飞村山头埠660号,,,,0,0,0,,,,,,,2026,0
萧山区高桥小学（文源校区）,,2133005399,2133005399001,钱塘区,330109,小学,非民办,萧山区城厢街道道源路715号,,,,0,0,0,,,,,,,2026,0
萧山区崇化小学,,2133005387,2133005387001,钱塘区,330109,小学,非民办,萧山区城厢街道崇明路142号,,,,0,0,0,,,,,,,2026,0
萧山区党湾镇第一小学,,2133005510,2133005510001,钱塘区,330109,小学,非民办,萧山区党湾镇庆丰村,,,,0,0,0,,,,,,,2026,0
萧山区党湾镇第二小学,,2133005512,2133005512001,钱塘区,330109,小学,非民办,萧山区党湾镇德北村六组1号,,,,0,0,0,,,,,,,2026,0
萧山区戴村镇中心小学,,2133005433,2133005433001,钱塘区,330109,小学,非民办,浙江省杭州市萧山区三湖线与弘学路交叉口北150米,,,,0,0,0,,,,,,,2026,0
萧山区戴村镇云石中心小学,,2133005434,2133005434001,钱塘区,330109,小学,非民办,杭州市萧山区戴村镇云石中心小学,,,,0,0,0,,,,,,,2026,0
萧山区城东小学,,2133005416,2133005416001,钱塘区,330109,小学,非民办,新塘街道西许村,,,,0,0,0,,,,,,,2026,0
萧山区朝晖小学,,2133005412,2133005412001,钱塘区,330109,小学,非民办,蜀山街道蜀山路晨晖路口,,,,0,0,0,,,,,,,2026,0
萧山区北干小学,,2133005406,2133005406001,钱塘区,330109,小学,非民办,萧山区北干街道红枫路18号,,,,0,0,0,,,,,,,2026,0
萧山区渔浦小学,,2133000297,2133000297001,钱塘区,330109,小学,非民办,萧山区义桥镇兴业路,,,,0,0,0,,,,,,,2026,0
萧山区贺知章学校,,2133000262,2133000262001,钱塘区,330109,小学,非民办,萧山区蜀山街道金西路53号,,,,0,0,0,,,,,,,2026,0
杭州市富阳区富春第七小学（青云校区）,,2133004008,2133004008002,临平区,330111,小学,非民办,杭州市富阳区金平路168号,,,,0,0,0,,,,,,,2026,0
杭州市富阳区东吴实验学校,,L000000810,L000000810001,临平区,330111,初中,非民办,浙江省杭州市富阳区鹿山街道舍面前弄6号,,,,0,0,0,,,,,,,2026,0
杭州市富阳区东洲街道新民小学,,2133003379,2133003379001,临平区,330111,小学,非民办,东洲街道鸡笼山村,,,,0,0,0,,,,,,,2026,0
杭州市富阳区富春湾未来小学,,2133003375,2133003375001,临平区,330111,小学,非民办,杭州市富阳区富春湾新城塘子畈路,,,,0,0,0,,,,,,,2026,0
杭州市富阳区阳陂湖小学,,2133003140,2133003140001,临平区,330111,小学,非民办,杭州市富阳区银湖街道新桥新路177号,,,,0,0,0,,,,,,,2026,0
杭州市富阳区富春第十小学,,2133003171,2133003171001,临平区,330111,小学,非民办,杭州市富阳区富春街道华虹路,,,,0,0,0,,,,,,,2026,0
杭州市富阳区东洲街道江丰小学,,L000000018,L000000018001,临平区,330111,小学,非民办,杭州市富阳区东洲街道工业园区8号路5号,,,,0,0,0,,,,,,,2026,0
杭州银湖科技城硅谷小学,,2133002463,2133002463001,临平区,330111,小学,非民办,富阳区银湖街道青山路18号,,,,0,0,0,,,,,,,2026,0
杭州市富阳区富春第九小学,,2133002436,2133002436001,临平区,330111,小学,非民办,浙江省杭州市富阳区富春街道秋实路9号,,,,0,0,0,,,,,,,2026,0
杭州市富阳区富春第六小学,,2133002350,2133002350001,临平区,330111,小学,非民办,浙江省杭州市富阳区富春街道东兴路88号,,,,0,0,0,,,,,,,2026,0
杭州市富阳区渔山乡中心小学,,2133003685,2133003685001,临平区,330111,小学,非民办,富阳区渔山乡中心小学,,,,0,0,0,,,,,,,2026,0
杭州市富阳区新登镇贤明小学,,2133003683,2133003683001,临平区,330111,小学,非民办,杭州市富阳区新登镇南津村黄墩路,,,,0,0,0,,,,,,,2026,0
浙江省杭州市富阳区实验小学,,2133003440,2133003440001,临平区,330111,小学,非民办,富阳区富春街道富春街7号,,,,0,0,0,,,,,,,2026,0
杭州市富阳区永昌镇中心小学,,2133002126,2133002126001,临平区,330111,小学,非民办,富阳区永昌镇永昌村永桥,,,,0,0,0,,,,,,,2026,0
杭州市富阳区银湖街道受降小学,,2133004106,2133004106001,临平区,330111,小学,非民办,富阳区银湖街道上宋街49号,,,,0,0,0,,,,,,,2026,0
杭州市富阳区银湖街道高桥小学,,2133000705,2133000705001,临平区,330111,小学,非民办,富阳区银湖街道高桥北路58号,,,,0,0,0,,,,,,,2026,0
杭州市富阳区胥口镇中心小学,,2133000642,2133000642001,临平区,330111,小学,非民办,富阳市胥口镇胥口村马家山38号,,,,0,0,0,,,,,,,2026,0
杭州市富阳区新桐乡中心小学,,2133001895,2133001895001,临平区,330111,小学,非民办,浙江省杭州市富阳区新桐乡新桐村（包家淇）,,,,0,0,0,,,,,,,2026,0
杭州市富阳区新登镇中心小学（福光校区）,,2133000965,2133000965002,临平区,330111,小学,非民办,富阳区新登镇方廉路280号,,,,0,0,0,,,,,,,2026,0
杭州市富阳区新登镇中心小学（惠来校区）,,2133000965,2133000965001,临平区,330111,小学,非民办,富阳区新登镇观音路21号,,,,0,0,0,,,,,,,2026,0
杭州市富阳区新登镇松溪小学,,2133006522,2133006522001,临平区,330111,小学,非民办,富阳区新登镇松溪村松涛路68号,,,,0,0,0,,,,,,,2026,0
杭州市富阳区万市镇中心小学,,2133003613,2133003613001,临平区,330111,小学,非民办,富阳市万市镇万市路1号,,,,0,0,0,,,,,,,2026,0
杭州市富阳区上官乡中心小学,,2133004598,2133004598001,临平区,330111,小学,非民办,杭州市富阳区上官乡剡溪村周村261号,,,,0,0,0,,,,,,,2026,0
杭州市富阳区渌渚镇中心小学,,2133003337,2133003337001,临平区,330111,小学,非民办,富阳市渌渚镇六渚村,,,,0,0,0,,,,,,,2026,0
杭州市富阳区龙门镇中心小学,,2133002713,2133002713001,临平区,330111,小学,非民办,富阳市龙门五村,,,,0,0,0,,,,,,,2026,0
杭州市富阳区灵桥镇中心小学,,2133003533,2133003533001,临平区,330111,小学,非民办,富阳区灵桥镇安吴川路55号,,,,0,0,0,,,,,,,2026,0
杭州市富阳区灵桥镇礼源小学,,2133003744,2133003744001,临平区,330111,小学,非民办,富阳市灵桥镇新华村,,,,0,0,0,,,,,,,2026,0
杭州市富阳区里山镇中心小学,,2133003633,2133003633001,临平区,330111,小学,非民办,杭州市富阳区里山镇里山村（红光）,,,,0,0,0,,,,,,,2026,0
杭州市富阳区环山乡中心小学,,2133003107,2133003107001,临平区,330111,小学,非民办,杭州市富阳区环山乡环一村环山北路31号,,,,0,0,0,,,,,,,2026,0
杭州市富阳区湖源乡中心小学,,2133002924,2133002924001,临平区,330111,小学,非民办,富阳市湖源乡中心小学,,,,0,0,0,,,,,,,2026,0
杭州市富阳区富春三桥小学,,2133001386,2133001386001,临平区,330111,小学,非民办,富阳市富春街道三桥龙星村,,,,0,0,0,,,,,,,2026,0
杭州市富阳区富春第五小学,,2133004032,2133004032001,临平区,330111,小学,非民办,杭州市富阳区富春街道田园路13号,,,,0,0,0,,,,,,,2026,0
杭州市富阳区富春第四小学,,2133001552,2133001552001,临平区,330111,小学,非民办,杭州市富阳区富春街道兴达路69号,,,,0,0,0,,,,,,,2026,0
杭州市富阳区富春第三小学,,2133003708,2133003708001,临平区,330111,小学,非民办,杭州市富阳区富春街道达夫路286号,,,,0,0,0,,,,,,,2026,0
杭州市富阳区富春第七小学（本部）,,2133004008,2133004008001,临平区,330111,小学,非民办,浙江省杭州市富阳区文教路368号,,,,0,0,0,,,,,,,2026,0
杭州市富阳区富春第二小学,,2133002864,2133002864001,临平区,330111,小学,非民办,富阳市富春街道西堤路157号,,,,0,0,0,,,,,,,2026,0
杭州市富阳区富春第八小学,,2133001152,2133001152001,临平区,330111,小学,非民办,浙江省杭州市富阳区富春街道文豪路418号,,,,0,0,0,,,,,,,2026,0
杭州市富阳区富春大青小学,,2133001943,2133001943001,临平区,330111,小学,非民办,富阳市富春街道青云桥村横山下29号,,,,0,0,0,,,,,,,2026,0
杭州市富阳区施肩吾小学,,2133002958,2133002958001,临平区,330111,小学,非民办,富阳区洞桥镇洞桥村,,,,0,0,0,,,,,,,2026,0
杭州市富阳区东洲中心小学,,2133003481,2133003481001,临平区,330111,小学,非民办,杭州市富阳区东洲街道中桥路8号,,,,0,0,0,,,,,,,2026,0
杭州市富阳区东吴小学（蒋家村校区）,,2133001555,2133001555002,临平区,330111,小学,非民办,杭州市富阳区鹿山街道蒋家村工农路147号,,,,0,0,0,,,,,,,2024,0
杭州市富阳区东吴小学（本部）,,2133001555,2133001555001,临平区,330111,小学,非民办,杭州市富阳区鹿山街道龙江路661号,,,,0,0,0,,,,,,,2026,0
杭州市富阳区大源镇中心小学,,2133003473,2133003473001,临平区,330111,小学,非民办,杭州市富阳区大源镇阳平山路503号,,,,0,0,0,,,,,,,2026,0
杭州市富阳区春江中心小学,,2133000755,2133000755001,临平区,330111,小学,非民办,富阳区春江街道建设村,,,,0,0,0,,,,,,,2026,0
杭州市富阳区春建乡中心小学,,2133002908,2133002908001,临平区,330111,小学,非民办,杭州市富阳区春建乡春建村秋联路1号,,,,0,0,0,,,,,,,2026,0
杭州市富阳区场口镇中心小学（东图校区）,,2133002905,2133002905002,临平区,330111,小学,非民办,富阳区场口镇东梓关村1号,,,,0,0,0,,,,,,,2026,0
杭州市富阳区场口镇中心小学（场口校区）,,2133002905,2133002905001,临平区,330111,小学,非民办,富阳区场口镇东西街288号,,,,0,0,0,,,,,,,2026,0
杭州市富阳区常绿镇中心小学,,2133003460,2133003460001,临平区,330111,小学,非民办,杭州市富阳区常绿镇大章村后田畈215号,,,,0,0,0,,,,,,,2026,0
杭州市富阳区常安镇中心小学,,2133000767,2133000767001,临平区,330111,小学,非民办,富阳市常安镇大田村600号,,,,0,0,0,,,,,,,2026,0
杭州市临安区晨曦西小学,,2133003149,2133003149001,临安区,330112,小学,非民办,杭州市临安区玲珑街道玲珑山路1009号,,,,0,0,0,,,,,,,2026,0
杭州市临安区龙岗镇龙岗小学（上溪校区）,,2133002870,2133002870002,临安区,330112,小学,非民办,临安区龙岗镇富民街叶家岭,,,,0,0,0,,,,,,,2026,0
杭州市临安区青山湖科技小学,,2133003169,2133003169001,临安区,330112,小学,非民办,杭州市临安区青山湖科技城星港路西侧、岗阳街北侧,,,,0,0,0,,,,,,,2026,0
杭州市临安区钱锦学校,,3133000947,3133000947001,临安区,330112,初中,非民办,元宝山公园以东、钱王街以南、具美路以西、吴越街以北,,,,0,0,0,,,,,,,2026,0
杭州市临安区戚家桥学校,,3133000938,3133000938001,临安区,330112,初中,非民办,杭州市临安区锦城街道观锦街678号,,,,0,0,0,,,,,,,2026,0
杭州市临安区锦南新城小学（中国传媒大学附属临安小学）,,2133002419,2133002419001,临安区,330112,小学,非民办,杭州市临安区锦南街道福兴街,,,,0,0,0,,,,,,,2026,0
杭州市临安区万马小学,,2133002269,2133002269001,临安区,330112,小学,非民办,杭州市临安区锦北街道龙马村龚家20号,,,,0,0,0,,,,,,,2026,0
浙江农林大学附属小学,,2133000945,2133000945001,临安区,330112,小学,非民办,杭州市临安区锦北街道回龙路328号,,,,0,0,0,,,,,,,2026,0
杭州市临安区於潜镇第一小学,,2133001720,2133001720001,临安区,330112,小学,非民办,临安区於潜镇潜洲街260号,,,,0,0,0,,,,,,,2026,0
杭州市临安区於潜镇第二小学,,2133001636,2133001636001,临安区,330112,小学,非民办,浙江省杭州市临安区於潜镇东门巷8号,,,,0,0,0,,,,,,,2026,0
杭州市临安区衣锦小学,,2133001099,2133001099001,临安区,330112,小学,非民办,杭州市临安区锦城街道临水路168号,,,,0,0,0,,,,,,,2026,0
杭州市临安区西林小学,,2133001563,2133001563001,临安区,330112,小学,非民办,锦北街道平山路99号,,,,0,0,0,,,,,,,2026,0
杭州市临安区湍口镇小学,,2133002241,2133002241001,临安区,330112,小学,非民办,浙江省杭州市临安区湍口镇湍口村西溪村51号,,,,0,0,0,,,,,,,2026,0
杭州市临安区天目山镇藻溪小学,,2133002131,2133002131003,临安区,330112,小学,非民办,天目山镇藻溪村云山路3号,,,,0,0,0,,,,,,,2026,0
杭州市临安区天目山镇西天目小学（告岭校区）,,2133002279,2133002279002,临安区,330112,小学,非民办,浙江省杭州市临安区天目山镇一都村俞家七弄5号,,,,0,0,0,,,,,,,2026,0
杭州市临安区天目山镇西天目小学（本部）,,2133002279,2133002279001,临安区,330112,小学,非民办,浙江省杭州市临安区天目山镇白鹤村天目路67号,,,,0,0,0,,,,,,,2026,0
杭州市临安区太阳镇太阳小学,,2133002124,2133002124001,临安区,330112,小学,非民办,太阳镇太阳村太阳大街155号,,,,0,0,0,,,,,,,2026,0
杭州市临安区太阳镇横路小学,,2133002142,2133002142001,临安区,330112,小学,非民办,浙江省杭州市临安区太阳镇横路村竹窠里30号,,,,0,0,0,,,,,,,2026,0
杭州市临安区太湖源镇杨岭小学,,2133000997,2133000997001,临安区,330112,小学,非民办,杭州市临安区太湖源镇杨桥村杨桥头188号,,,,0,0,0,,,,,,,2026,0
杭州市临安区太湖源镇青云小学,,2133001631,2133001631001,临安区,330112,小学,非民办,临安市太湖源镇青云村三庙路15号,,,,0,0,0,,,,,,,2026,0
杭州市临安区石镜小学,,2133001169,2133001169001,临安区,330112,小学,非民办,临安市石镜街567号,,,,0,0,0,,,,,,,2026,0
杭州市临安区清凉峰镇马啸小学,,2133000964,2133000964001,临安区,330112,小学,非民办,浙江省杭州市临安区清凉峰镇大鸪村桥头21号,,,,0,0,0,,,,,,,2026,0
杭州市临安区清凉峰镇颊口小学,,2133001982,2133001982001,临安区,330112,小学,非民办,浙江省杭州市临安区清凉峰镇颊口村桥东76号,,,,0,0,0,,,,,,,2026,0
杭州市临安区青山湖科技城第一小学,,2133001645,2133001645001,临安区,330112,小学,非民办,临安市青山湖街道鹤亭大街158号,,,,0,0,0,,,,,,,2026,0
杭州市临安区青山湖科技城第二小学,,2133002179,2133002179001,临安区,330112,小学,非民办,杭州市临安区青山湖街道青山湖路27号,,,,0,0,0,,,,,,,2026,0
杭州市临安区潜川镇潜川小学,,2133001990,2133001990001,临安区,330112,小学,非民办,浙江省杭州市临安区潜川镇牧亭村下村169号,,,,0,0,0,,,,,,,2026,0
杭州市临安区潜川镇乐平小学,,2133002122,2133002122001,临安区,330112,小学,非民办,临安区潜川镇乐平村青柴山22号,,,,0,0,0,,,,,,,2026,0
杭州市临安区龙岗镇龙岗小学（本部）,,2133002870,2133002870001,临安区,330112,小学,非民办,浙江省杭州市临安区龙岗镇汤家湾村富民街叶家岭,,,,0,0,0,,,,,,,2026,0
杭州市临安区玲珑小学,,2133002507,2133002507001,临安区,330112,小学,非民办,临安区玲珑街道夏禹桥村合庆132号 ,,,,0,0,0,,,,,,,2026,0
杭州市临安区锦南小学,,2133001459,2133001459001,临安区,330112,小学,非民办,杭州市临安区锦南街道樟村,,,,0,0,0,,,,,,,2026,0
杭州市临安区横溪小学,,2133001799,2133001799001,临安区,330112,小学,非民办,临安区锦城街道横街村,,,,0,0,0,,,,,,,2026,0
杭州市临安区横畈小学,,2133001390,2133001390001,临安区,330112,小学,非民办,临安市横畈庆林街173号,,,,0,0,0,,,,,,,2026,0
杭州市临安区河桥镇小学,,2133001966,2133001966001,临安区,330112,小学,非民办,浙江省杭州市临安区河桥镇河桥村荷村56号,,,,0,0,0,,,,,,,2026,0
杭州市临安区岛石中心学校,,3133000603,3133000603001,临安区,330112,初中,非民办,浙江省杭州市临安区岛石镇岛石村136号,,,,0,0,0,,,,,,,2026,0
杭州市临安区城南小学,,2133001206,2133001206001,临安区,330112,小学,非民办,临安区锦城街道城中街88号,,,,0,0,0,,,,,,,2026,0
杭州市临安区城东小学,,2133001140,2133001140001,临安区,330112,小学,非民办,临安区锦城街道石镜街81号,,,,0,0,0,,,,,,,2026,0
杭州市临安区城北小学,,2133001537,2133001537001,临安区,330112,小学,非民办,杭州市临安区锦北街道西墅街十六弄125号,,,,0,0,0,,,,,,,2026,0
杭州市临安区晨曦小学,,2133001570,2133001570001,临安区,330112,小学,非民办,浙江省临安市锦城街道锦潭街168号,,,,0,0,0,,,,,,,2026,0
杭州市临安区昌化镇第一小学,,2133001244,2133001244001,临安区,330112,小学,非民办,浙江省杭州市临安区昌化镇唐昌街336号,,,,0,0,0,,,,,,,2026,0
杭州市临安区昌化镇第二小学,,2133001933,2133001933001,临安区,330112,小学,非民办,浙江省杭州市临安区昌化镇唐昌路166号,,,,0,0,0,,,,,,,2026,0
杭州市临安区板桥镇板桥小学,,2133001846,2133001846001,临安区,330112,小学,非民办,临安区板桥镇板桥村下板桥89号,,,,0,0,0,,,,,,,2026,0
杭州市临安区太湖源镇东天目小学,,2133000127,2133000127001,临安区,330112,小学,非民办,临安市太湖源镇南庄,,,,0,0,0,,,,,,,2026,0
杭州市临安区高虹镇小学,,2133000117,2133000117001,临安区,330112,小学,非民办,临安市高虹镇高乐村,,,,0,0,0,,,,,,,2026,0
桐庐县叶浅予建兰学校,,3133000898,3133000898001,桐庐县,330122,初中,非民办,桐庐县城南街道七里山路18号,,,,0,0,0,,,,,,,2026,0
桐庐县东溪小学,,2133004281,2133004281001,桐庐县,330122,小学,非民办,浙江省杭州市桐庐县分水镇新淳东路275,,,,0,0,0,,,,,,,2024,0
桐庐县钟山小学,,2133002874,2133002874001,桐庐县,330122,小学,非民办,浙江省杭州市桐庐县钟山乡钟山村,,,,0,0,0,,,,,,,2026,0
桐庐县窄溪小学,,2133001922,2133001922001,桐庐县,330122,小学,非民办,浙江省桐庐县江南镇窄溪窄石路,,,,0,0,0,,,,,,,2026,0
桐庐县圆通小学,,2133000752,2133000752001,桐庐县,330122,小学,非民办,浙江省桐庐县桐君街道公园山路1号,,,,0,0,0,,,,,,,2026,0
桐庐县迎春小学,,2133003655,2133003655001,桐庐县,330122,小学,非民办,浙江省桐庐县桐君街道康乐路125号,,,,0,0,0,,,,,,,2026,0
桐庐县瑶琳小学,,2133001941,2133001941001,桐庐县,330122,小学,非民办,桐庐县瑶琳镇桐庐县瑶琳镇瑶琳北路103号,,,,0,0,0,,,,,,,2026,0
桐庐县洋洲小学,,2133002458,2133002458001,桐庐县,330122,小学,非民办,浙江省杭州市桐庐县凤川街道,,,,0,0,0,,,,,,,2026,0
桐庐县学府小学,,2133006571,2133006571001,桐庐县,330122,小学,非民办,桐庐县城南街道白云源路588号,,,,0,0,0,,,,,,,2026,0
桐庐县徐凝小学,,2133002181,2133002181001,桐庐县,330122,小学,非民办,东溪村妙笔路,,,,0,0,0,,,,,,,2026,0
桐庐县文正小学,,2133002218,2133002218001,桐庐县,330122,小学,非民办,桐庐县城南街道大丰村,,,,0,0,0,,,,,,,2026,0
桐庐县桐君小学,,2133002880,2133002880001,桐庐县,330122,小学,非民办,桐庐县桐君街道浮桥埠,,,,0,0,0,,,,,,,2026,0
桐庐县实验小学,,2133000719,2133000719001,桐庐县,330122,小学,非民办,桐庐县桐君街道桐君路154号,,,,0,0,0,,,,,,,2026,0
桐庐县石阜小学,,2133003874,2133003874001,桐庐县,330122,小学,非民办,桐庐县江南镇石阜村,,,,0,0,0,,,,,,,2026,0
桐庐县深澳小学,,2133002688,2133002688001,桐庐县,330122,小学,非民办,桐庐县江南镇深澳村,,,,0,0,0,,,,,,,2026,0
桐庐县科技城未来学校,,2133002008,2133002008001,桐庐县,330122,初中,非民办,桐庐县凤川街道桐庐经济开发区求是路288号,,,,0,0,0,,,,,,,2026,0
桐庐县旧县中心学校,,3133005142,3133005142001,桐庐县,330122,初中,非民办,浙江省桐庐县旧县街道港桐路160号,,,,0,0,0,,,,,,,2026,0
桐庐县横村小学,,2133001591,2133001591001,桐庐县,330122,小学,非民办,横村镇锦华路47号,,,,0,0,0,,,,,,,2026,0
桐庐县高翔小学,,2133002292,2133002292001,桐庐县,330122,小学,非民办,桐庐县瑶琳镇高翔村2号,,,,0,0,0,,,,,,,2026,0
桐庐县富春江小学,,2133001951,2133001951001,桐庐县,330122,小学,非民办,浙江省杭州市桐庐县富春江镇学士北路1号,,,,0,0,0,,,,,,,2026,0
桐庐县凤川小学,,2133002936,2133002936001,桐庐县,330122,小学,非民办,桐庐县凤川街道翙岗村凤新,,,,0,0,0,,,,,,,2026,0
桐庐县分水实验小学,,2133002133,2133002133001,桐庐县,330122,小学,非民办,桐庐县分水镇院士路636,,,,0,0,0,,,,,,,2026,0
桐庐县方埠小学,,2133001857,2133001857001,桐庐县,330122,小学,非民办,横村镇桐千路1328号,,,,0,0,0,,,,,,,2026,0
桐庐县莪山民族小学,,2133003711,2133003711001,桐庐县,330122,小学,非民办,浙江省桐庐县莪山畲族乡山阴湾,,,,0,0,0,,,,,,,2026,0
桐庐县春江小学,,2133003800,2133003800001,桐庐县,330122,小学,非民办,浙江省桐庐县城南街道育才路18号,,,,0,0,0,,,,,,,2026,0
桐庐县毕浦小学,,2133003504,2133003504001,桐庐县,330122,小学,非民办,桐庐县瑶琳镇东琳村杨家,,,,0,0,0,,,,,,,2026,0
桐庐县城南小学,,2133000261,2133000261001,桐庐县,330122,小学,非民办,桐庐县城南街道龙潭路123号,,,,0,0,0,,,,,,,2026,0
淳安县千岛珍珠学校,,3133000999,3133000999001,淳安县,330127,初中,非民办,淳安县青溪大道与珍珠八路交叉口60米,,,,0,0,0,,,,,,,2026,0
淳安县文昌镇中心小学（潭头校区）,,2133006048,2133006048002,淳安县,330127,小学,非民办,淳安县文昌镇潭头村174号,,,,0,0,0,,,,,,,2026,0
淳安县姜家镇中心小学（郭村校区）,,2133006069,2133006069002,淳安县,330127,小学,非民办,淳安县姜家镇下郭300号,,,,0,0,0,,,,,,,2026,0
淳安县千岛湖镇第八小学,,2133002573,2133002573001,淳安县,330127,小学,非民办,淳安县千岛湖镇晨曦路1号,,,,0,0,0,,,,,,,2026,0
淳安县王阜乡中心学校,,3133000864,3133000864001,淳安县,330127,初中,非民办,淳安县王阜乡王阜村1号,,,,0,0,0,,,,,,,2026,0
淳安县梓桐镇中心学校,,3133000854,3133000854001,淳安县,330127,初中,非民办,淳安县梓桐镇文佳路66号,,,,0,0,0,,,,,,,2026,0
淳安县千岛湖镇第七小学,,2133002360,2133002360001,淳安县,330127,小学,非民办,淳安县千岛湖镇里联路153号,,,,0,0,0,,,,,,,2026,0
淳安县中洲镇中心小学,,2133006082,2133006082001,淳安县,330127,小学,非民办,淳安县中洲镇中洲街81号,,,,0,0,0,,,,,,,2026,0
淳安县瑶山乡中心小学,,2133006054,2133006054001,淳安县,330127,小学,非民办,浙江省杭州市淳安县瑶山乡何家村                              ,,,,0,0,0,,,,,,,2026,0
淳安县文昌镇中心小学（本部）,,2133006048,2133006048001,淳安县,330127,小学,非民办,淳安县文昌镇文昌村74号                                          ,,,,0,0,0,,,,,,,2026,0
淳安县威坪镇小学,,2133006059,2133006059001,淳安县,330127,小学,非民办,浙江省淳安县威坪镇兴华街352号                                     ,,,,0,0,0,,,,,,,2026,0
淳安县实验小学,,2133006035,2133006035001,淳安县,330127,小学,非民办,淳安县千岛湖镇炉峰路12号                                    ,,,,0,0,0,,,,,,,2026,0
淳安县青溪新城小学,,2133006040,2133006040001,淳安县,330127,小学,非民办,浙江省杭州市淳安县坪山工业园区,,,,0,0,0,,,,,,,2026,0
淳安县千岛湖镇青溪小学,,2133006038,2133006038001,淳安县,330127,小学,非民办,淳安县千岛湖镇东庄村                                        ,,,,0,0,0,,,,,,,2026,0
淳安县南山学校,,3133005806,3133005806001,淳安县,330127,初中,非民办,淳安县千岛湖镇118,,,,0,0,0,,,,,,,2026,0
淳安县千岛湖镇第一小学,,2133006036,2133006036001,淳安县,330127,小学,非民办,千岛湖镇高志弄1号                                           ,,,,0,0,0,,,,,,,2026,0
淳安县千岛湖镇第三小学,,2133006037,2133006037001,淳安县,330127,小学,非民办,淳安县千岛湖镇新安北路7号                                   ,,,,0,0,0,,,,,,,2026,0
淳安县千岛湖镇第六小学,,2133000951,2133000951001,淳安县,330127,小学,非民办,淳安县千岛湖镇新安东路511号,,,,0,0,0,,,,,,,2026,0
淳安县屏门乡中心小学,,2133006055,2133006055001,淳安县,330127,小学,非民办,淳安县屏门乡屏门村 146号                                         ,,,,0,0,0,,,,,,,2026,0
淳安县临岐镇中心小学,,2133006053,2133006053001,淳安县,330127,小学,非民办,浙江省淳安县临岐镇文浦路81号,,,,0,0,0,,,,,,,2026,0
淳安县里商乡中心学校,,3133000598,3133000598001,淳安县,330127,初中,非民办,淳安县里商乡66号,,,,0,0,0,,,,,,,2026,0
淳安县浪川乡中心小学,,2133006073,2133006073001,淳安县,330127,小学,非民办,淳安县浪川乡中心小学                                        ,,,,0,0,0,,,,,,,2026,0
淳安县界首乡中心小学,,2133006074,2133006074001,淳安县,330127,小学,非民办,浙江省淳安县界首乡姚家村21号                                ,,,,0,0,0,,,,,,,2026,0
淳安县姜家镇中心小学（本部）,,2133006069,2133006069001,淳安县,330127,小学,非民办,淳安县姜家镇郁川街83号                                      ,,,,0,0,0,,,,,,,2026,0
淳安县富文乡中心小学,,2133006046,2133006046001,淳安县,330127,小学,非民办,淳安县富文乡富文村,,,,0,0,0,,,,,,,2026,0
淳安县枫树岭镇中心小学,,2133006085,2133006085001,淳安县,330127,小学,非民办,枫林后街9号                                   ,,,,0,0,0,,,,,,,2026,0
淳安县汾口镇小学,,2133006075,2133006075001,淳安县,330127,小学,非民办,浙江省淳安县汾口镇风华街13号                                ,,,,0,0,0,,,,,,,2026,0
淳安县汾口镇第二小学,,2133006076,2133006076001,淳安县,330127,小学,非民办,浙江省淳安县汾口镇畹墅村144号,,,,0,0,0,,,,,,,2026,0
淳安县汾口镇龙川小学,,2133006080,2133006080001,淳安县,330127,小学,非民办,浙江省杭州市淳安县汾口镇茅屏村                              ,,,,0,0,0,,,,,,,2026,0
淳安县汾口镇横沿小学,,2133006081,2133006081001,淳安县,330127,小学,非民办,浙江省淳安县汾口镇横沿村118号                   ,,,,0,0,0,,,,,,,2026,0
淳安县大墅镇中心小学,,2133006083,2133006083001,淳安县,330127,小学,非民办,淳安县大墅镇新兴路47号                                      ,,,,0,0,0,,,,,,,2026,0
淳安县安阳乡中心小学,,2133006084,2133006084001,淳安县,330127,小学,非民办,浙江省淳安县安阳乡下栖梧村                                  ,,,,0,0,0,,,,,,,2026,0
建德市梅城南峰小学,,2133002246,2133002246001,建德市,330182,小学,非民办,建德市梅城镇葛家村,,,,0,0,0,,,,,,,2026,0
建德市月亮湾小学,,2133001709,2133001709001,建德市,330182,小学,非民办,建德市新安江街道艾溪路505号,,,,0,0,0,,,,,,,2026,0
建德市洋溪小学,,2133004027,2133004027001,建德市,330182,小学,非民办,建德市洋溪街道求知路4号,,,,0,0,0,,,,,,,2026,0
建德市洋安小学,,3133000714,3133000714001,建德市,330182,小学,非民办,建德市洋溪街道建德市洋溪街道仙岩路100号,,,,0,0,0,,,,,,,2026,0
建德市杨村桥中心小学,,2133004061,2133004061001,建德市,330182,小学,非民办,建德市杨村桥百旗东路50号,,,,0,0,0,,,,,,,2026,0
建德市新安江第三小学,,2133003930,2133003930001,建德市,330182,小学,非民办,建德市新安江街道桥南三和路73号,,,,0,0,0,,,,,,,2026,0
建德市新安江第二小学,,2133004037,2133004037001,建德市,330182,小学,非民办,浙江省建德市新安江街道健康南路1号,,,,0,0,0,,,,,,,2026,0
建德市下涯中心小学,,2133003968,2133003968001,建德市,330182,小学,非民办,下涯镇乌驹市村,,,,0,0,0,,,,,,,2026,0
建德市寿昌第一小学,,2133003961,2133003961001,建德市,330182,小学,非民办,建德市寿昌镇西昌路28号,,,,0,0,0,,,,,,,2026,0
建德市寿昌第二小学,,2133004000,2133004000001,建德市,330182,小学,非民办,建德市寿昌镇横山社区蒋家山路18号,,,,0,0,0,,,,,,,2026,0
建德市实验小学,,2133004056,2133004056001,建德市,330182,小学,非民办,建德市新安江街道清江路2号,,,,0,0,0,,,,,,,2026,0
建德市上马小学,,2133004013,2133004013001,建德市,330182,小学,非民办,建德市大同镇上马村新街25号,,,,0,0,0,,,,,,,2026,0
建德市三都中心小学,,2133004042,2133004042001,建德市,330182,小学,非民办,浙江省杭州市建德市三都镇杭州博爱三都中心小学,,,,0,0,0,,,,,,,2026,0
建德市乾潭第一小学,,2133003998,2133003998001,建德市,330182,小学,非民办,建德市乾潭镇附小路35号,,,,0,0,0,,,,,,,2026,0
建德市明珠小学,,2133003993,2133003993001,建德市,330182,小学,非民办,建德市新安江街道明珠路2号,,,,0,0,0,,,,,,,2026,0
建德市明镜小学,,2133004058,2133004058001,建德市,330182,小学,非民办,建德市新安江街道明镜路19号,,,,0,0,0,,,,,,,2026,0
建德市梅城中心小学,,2133004041,2133004041001,建德市,330182,小学,非民办,梅城镇龙山路118号,,,,0,0,0,,,,,,,2026,0
建德市麻车小学,,2133004057,2133004057001,建德市,330182,小学,非民办,建德市大洋镇麻车村,,,,0,0,0,,,,,,,2026,0
建德市李家中心小学,,2133004029,2133004029001,建德市,330182,小学,非民办,建德市李家镇李家村,,,,0,0,0,,,,,,,2026,0
建德市航头中心小学,,2133004062,2133004062001,建德市,330182,小学,非民办,浙江省建德市航头镇,,,,0,0,0,,,,,,,2026,0
建德市更楼小学,,2133004063,2133004063001,建德市,330182,小学,非民办,浙江省建德市更楼街道商贸街南16号,,,,0,0,0,,,,,,,2026,0
建德市大洋中心小学,,2133004040,2133004040001,建德市,330182,小学,非民办,建德市大洋镇振兴路1号,,,,0,0,0,,,,,,,2026,0
建德市大同中心小学,,2133003941,2133003941001,建德市,330182,小学,非民办,建德市大同镇永平路48号,,,,0,0,0,,,,,,,2026,0
建德市大慈岩中心小学,,2133004012,2133004012001,建德市,330182,小学,非民办,建德市大慈岩镇荷花路118号,,,,0,0,0,,,,,,,2026,0
建德市安仁小学,,3133005252,3133005252001,建德市,330182,小学,非民办,建德市乾潭镇学士路一号,,,,0,0,0,,,,,,,2026,0
建德市新安江第一小学,,2133000424,2133000424001,建德市,330182,小学,非民办,建德市新安江街道新建路一号,,,,0,0,0,,,,,,,2026,0
